Fake Name,Fake Email,Fake Company,Fake Credit Card,Fake Favorite Color
Dena Auer,ward.wuckert@gleason.org,Ward Group,1211-1221-1234-2201,purple
Rosalyn Jast,viva@bartell.org,"Wyman, Hartmann and Bradtke",1228-1221-1221-1431,grey
Lavada Klein,bret@heaneywintheiser.com,Thompson Inc,1228-1221-1221-1431,salmon
Hailee Green,marty@luettgen.com,Feest-Hilpert,1212-1221-1121-1234,silver
Lula Orn,zaria_torp@ferryfritsch.org,"Bartell, Batz and Bosco",1234-2121-1221-1211,blue
Eloisa Sauer,hiram@keelingfisher.net,Lemke-Robel,1228-1221-1221-1431,green
Mose Dietrich MD,irwin@lockmanbatz.biz,Wuckert Group,1212-1221-1121-1234,plum
Elijah Cronin,alice_bednar@keeling.info,Schroeder and Sons,1228-1221-1221-1431,black
Icie McLaughlin,bianka@monahan.biz,"Kozey, Hudson and Carter",1228-1221-1221-1431,red
Nova Schumm,rosalee_beer@willbeier.biz,Luettgen-Padberg,1212-1221-1121-1234,red
Adell Heaney,juanita_dietrich@durgan.com,"Howe, Streich and Weimann",1211-1221-1234-2201,purple
Lurline Jones,jalyn.fisher@deckow.com,"MacGyver, Klocko and Gibson",1212-1221-1121-1234,grey
Danyka Hagenes,raoul.hagenes@bode.com,Pagac Inc,1212-1221-1121-1234,mint green
Lenna Kunze PhD,maynard@kovacekjaskolski.org,Gulgowski Group,1212-1221-1121-1234,pink
Jazmin Brown DDS,gayle@hermannparker.biz,Bayer-Hyatt,1212-1221-1121-1234,plum
Daphne Green,lisa@larson.name,Bayer Group,1212-1221-1121-1234,black
Webster Lakin,kavon_graham@beahancarroll.info,"Pfannerstill, Medhurst and Blanda",1234-2121-1221-1211,indigo
Mauricio Batz,alyce@quigley.info,"Swift, Willms and Bogisich",1228-1221-1221-1431,orchid
Vita Rutherford,anastasia.king@bartoletti.info,Daugherty-McGlynn,1234-2121-1221-1211,lavender
Augusta Grimes,elaina@feil.org,Pacocha-Mosciski,1234-2121-1221-1211,pink
